{
 "kobeBlue:Afterburner": {
  "NAME": "补燃器",
  "DESCRIPTION": "随机对敌人造成 !D! 点伤害 X 次。 NL 激发 你所有的 等离子 充能球 。"
 },
 "kobeBlue:Hack": {
  "NAME": "黑客攻击",
  "DESCRIPTION": "造成 !D! 点伤害。 NL 如果你的充能球栏位数不超过 !kobeBlue:SecondMagic! ，获得1个充能球栏位。"
 },
 "kobeBlue:ScannerBeam": {
  "NAME": "扫描光束",
  "DESCRIPTION": "对所有敌人造成 !D! 点伤害并给予1层 跟踪锁定 。"
 },
 "kobeBlue:TrialAndError": {
  "NAME": "试错法",
  "DESCRIPTION": "你的弃牌堆中每有5张牌，造成 !D! 点伤害。"
 },
 "kobeBlue:Convert": {
  "NAME": "转换",
  "DESCRIPTION": "如果你有 闪电 充能球 ，移除最右侧的一个并获得 [B] [B] 。 NL 消耗 。",
  "UPGRADE_DESCRIPTION": "如果你有 闪电 充能球 ，移除最右侧的一个并获得 [B] [B] 。"
 },
 "kobeBlue:CloakingShadows": {
  "NAME": "笼罩暗影",
  "DESCRIPTION": "如果你有 黑暗 充能球 ，获得 !B! 点 格挡 。 NL 否则， 生成 2个 黑暗 充能球。"
 },
 "kobeBlue:GlimmerOfHope": {
  "NAME": "希望微光",
  "DESCRIPTION": "如果你的手牌为空， 生成 1 个 等离子 充能球 。 NL 抽 !M! 张牌。"
 },
 "kobeBlue:Hibernate": {
  "NAME": "冬眠",
  "DESCRIPTION": "获得 !M! 个 冰霜 充能球 。 NL 在接下来的 !kobeBlue:SecondMagic! 回合内你不能从卡牌获得 格挡 。"
 },
 "kobeBlue:Integrate": {
  "NAME": "整合",
  "DESCRIPTION": "获得 !B! 点 格挡 。 NL 如果你有至少3个充能球栏位，失去1个并获得 !kobeBlue:SecondMagic! 层 *多层护甲 。"
 },
 "kobeBlue:Juggle": {
  "NAME": "杂耍",
  "DESCRIPTION": " 激发 最多 !M! 个充能球，并抽相同数量的牌。",
  "UPGRADE_DESCRIPTION": "#故#障# NL #没#有#充#能#球#"
 },
 "kobeBlue:Polymorphism": {
  "NAME": "多态性",
  "DESCRIPTION": "从 !M! 张非蓝色能力牌中选择1张加入你的手牌。 NL 这张牌在本回合耗能减少1。 NL 消耗 。"
 },
 "kobeBlue:Refactor": {
  "NAME": "重构",
  "DESCRIPTION": " 预见 !M! 。"
 },
 "kobeBlue:Automation": {
  "NAME": "自动化",
  "DESCRIPTION": "获得 !M! 点 集中 。 NL 每当你 生成 充能球时，立即 激发 它。"
 },
 "kobeBlue:DebrisCloud": {
  "NAME": "碎片云",
  "DESCRIPTION": "每回合第一次 激发 充能球时，增加1张 *碎片 到你的手牌。"
 },
 "kobeBlue:HeavyDuty": {
  "NAME": "超负荷",
  "DESCRIPTION": "回合结束时，如果你没有使用过任何能力牌，获得1层 人工制品 。",
  "UPGRADE_DESCRIPTION": " 固有 。 NL 回合结束时，如果你没有使用过任何能力牌，获得1层 人工制品 。"
 },
 "kobeBlue:Debris": {
  "NAME": "碎片",
  "DESCRIPTION": " 保留 。 NL 获得 !B! 点 格挡 。 NL 消耗 。"
 },
 "kobeBlue:EvokeOne": {
  "NAME": " 激发一个",
  "DESCRIPTION": " 激发 1个充能球。 NL 抽1张牌。"
 },
 "kobeBlue:EvokeTwo": {
  "NAME": " 激发两个",
  "DESCRIPTION": " 激发 2个充能球。 NL 抽2张牌。"
 },
 "kobeBlue:EvokeThree": {
  "NAME": " 激发三个",
  "DESCRIPTION": " 激发 3个充能球。 NL 抽3张牌。"
 }
}