{
	
	"kobeGreen:DeftStrike": {
		"NAME": "灵巧打击",
		"DESCRIPTION": "造成 !D! 点伤害两次。 NL 正值的 敏捷 增加这张牌的伤害。"
	},
	
	"kobeGreen:Petrify": {
		"NAME": "石化",
		"DESCRIPTION": "造成 !D! 点伤害。 NL 阻止目标敌人下一次受到的生命值损伤。"
	},
	
	"kobeGreen:Poltergeist": {
		"NAME": "骚灵",
		"DESCRIPTION": "随机对敌人造成 !D! 点伤害 !kobeGreen:SecondMagic! 次。 NL 抽 !M! 张牌，然后将它们丢弃。"
	},
	
	
	
	"kobeGreen:AceInTheHole": {
		"NAME": "秘密王牌",
		"DESCRIPTION": "保留 。 NL 增加 !M! 张 *小刀+ 到你的手牌。"
	},
	
	"kobeGreen:Camouflage": {
		"NAME": "伪装",
		"DESCRIPTION": "获得 !M! 层 kobegreen:潜行 。",
		"UPGRADE_DESCRIPTION": "获得 !B! 点 格挡 。 NL 获得 !M! 层 kobegreen:潜行 。"
	},
	
	"kobeGreen:Decoy": {
		"NAME": "诱捕器",
		"DESCRIPTION": "不能被打出 。 NL 如果这张牌从你的手牌中被丢弃，获得 !B! 点 格挡 。",
		"EXTENDED_DESCRIPTION": ["这张牌不能被打出。"]
	},
	
	"kobeGreen:Quagmire": {
		"NAME": "泥沼",
		"DESCRIPTION": "在你的每个回合开始时，目标敌人身上每2种负面效果使你抽1张牌。 NL 消耗 。"
	},
	
	"kobeGreen:Improvise": {
		"NAME": "即兴",
		"DESCRIPTION": "从 !M! 张非绿色技能牌中选择1张加入你的手牌，在本回合 保留 它。 NL 消耗 。"
	},
	
	"kobeGreen:InvisibleThreads": {
		"NAME": "缥缈丝线",
		"DESCRIPTION": "将最多 !M! 张牌从你的弃牌堆移入抽牌堆。 NL 消耗 。",
		"UPGRADE_DESCRIPTION": "将最多 !M! 张牌从你的弃牌堆移入抽牌堆。",
		"EXTENDED_DESCRIPTION": [
			"选择最多 ",
			" 张牌来移入抽牌堆。",
			" 张牌来移入抽牌堆。"
		]
	},
	
	"kobeGreen:Poise": {
		"NAME": "自如",
		"DESCRIPTION": "获得 !B! 点 格挡 。 NL 负值的 敏捷 及 脆弱 不影响这张牌。"
	},
	
	"kobeGreen:PoisonCocktail": {
		"NAME": "毒药鸡尾酒",
		"DESCRIPTION": "丢弃 !kobeGreen:SecondMagic! 张牌。 NL 其中每有一种类型，给予 !M! 层 中毒 。",
		"EXTENDED_DESCRIPTION": ["丢弃。"]
	},
	
	"kobeGreen:WickedGift": {
		"NAME": "悖德的礼物",
		"DESCRIPTION": "丢弃一张牌。 NL 如果它是技能牌，给予 !M! 层 易伤 。 NL 否则，给予 !M! 层 虚弱 。",
		"EXTENDED_DESCRIPTION": [
			"弃牌。技能： ",
			" 层易伤　其余： ",
			" 层虚弱",
			"我没有任何手牌。"
		]
	},
	
	
	
	
	"kobeGreen:Adaptive": {
		"NAME": "变通",
		"DESCRIPTION": "你每回合打出的第一张耗能为1的牌在打出前耗能变为0。",
		"UPGRADE_DESCRIPTION": "固有 。 NL 你每回合打出的第一张耗能为1的牌在打出前耗能变为0。"
	},
	
	"kobeGreen:Condition": {
		"NAME": "规训",
		"DESCRIPTION": "每当你抽到或主动丢弃一张耗能为0的攻击牌时，对所有敌人造成 !M! 点伤害。",
		"UPGRADE_DESCRIPTION": "固有 。 NL 每当你抽到或主动丢弃一张耗能为0的攻击牌时，对所有敌人造成 !M! 点伤害。"
	},
	
	"kobeGreen:Unpredictable": {
		"NAME": "变幻莫测",
		"DESCRIPTION": "获得 !M! 点 敏捷 。 NL 在你的每个回合开始时，对换你的 力量 和 敏捷 。"
	}
	
	
	
}
