{
	
	"kobeGreen:StealthPower": {
		"NAME": "潜行",
		"DESCRIPTIONS": ["潜行状态下，你额外拥有 #b3 点 #y敏捷 。你每打出一张技能牌就失去 #b1 层潜行。"]
	},
	
	"kobeGreen:EnemyBufferPower": {
		"NAME": "缓冲",
		"DESCRIPTIONS": [
			"阻止目标敌人下一次受到的生命值损伤。",
			"阻止目标敌人下 #b",
			" 次受到的生命值损伤。"
		]
	},
	
	"kobeGreen:QuagmirePower": {
		"NAME": "泥沼",
		"DESCRIPTIONS": [
			"在你的回合开始时，这名敌人身上每 #b2 种负面效果使你抽 #b",
			" 张牌（此效果也计入）。",
			" 张牌（此效果也计入）。"
		]
	},
	
	
	
	"kobeGreen:AdaptivePower": {
		"NAME": "变通",
		"DESCRIPTIONS": [
			"你每回合打出的第一张耗能为1的牌在打出前耗能变为0。（还剩 #b",
			"你每回合打出的前 #b",
			" 张耗能为1的牌在打出前耗能变为0。（还剩 #b",
			" 张）"
		]
	},
	
	"kobeGreen:ConditionPower": {
		"NAME": "规训",
		"DESCRIPTIONS": [
			"每当你抽到或主动丢弃一张耗能为0的攻击牌时，对所有敌人造成 #b", " 点伤害。"
		]
	},
	
	"kobeGreen:UnpredictablePower": {
		"NAME": "变幻莫测",
		"DESCRIPTIONS": ["在你的回合开始时，对换你的 #y力量 和 #y敏捷 。"]
	}
	
}