{
	
	"kobePurple:Choreograph": {
		"NAME": "排舞",
		"DESCRIPTION": "造成 D 点伤害。 NL 在本回合结束时， 保留 最多 M 张牌，并且在本场战斗中将它升级。",
		"UPGRADE_DESCRIPTION": "造成 D 点伤害。 NL 在本回合结束时， 保留 最多 M 张牌，并且在本场战斗中将它们升级。"
	},
	
	"kobePurple:Condemn": {
		"NAME": "罪罚",
		"DESCRIPTION": "神格 ：将所有敌人的生命值减半。 NL 否则，造成 D 点伤害 M 次。"
	},
	
	"kobePurple:HeroicStrike": {
		"NAME": "英勇打击",
		"DESCRIPTION": "造成 D 点伤害。 NL 增加一张 *奇迹 到你的手牌。"
	},
	
	
	
	"kobePurple:Conundrum": {
		"NAME": "盘问",
		"DESCRIPTION": "如果目标敌人具有 虚弱 ，给予 M 层 易伤 。 NL 否则，给予 !kobePurple:SecondMagic! 层 虚弱 。"
	},
	
	"kobePurple:EbbAndFlow": {
		"NAME": "涨消",
		"DESCRIPTION": "保留 。 NL 随机进入一种 姿态 。 NL 消耗 。"
	},
	
	"kobePurple:Ecstasy": {
		"NAME": "销魂",
		"DESCRIPTION": "获得 M 层 *活力 。 NL 获得你 活力 层数的 真言 。 NL 消耗 。",
		"UPGRADE_DESCRIPTION": "获得 M 层 *活力 。 NL 获得你 活力 层数的 真言 。"
	},
	
	"kobePurple:Fathom": {
		"NAME": "钩沉",
		"DESCRIPTION": "从你的抽牌堆底部 预见 M ，然后将抽牌堆底部的牌放入手牌。"
	},
	
	"kobePurple:Foreshadow": {
		"NAME": "影映",
		"DESCRIPTION": "在下个回合，你打出的第一张牌会打出两次。 NL 结束你的回合。",
		"UPGRADE_DESCRIPTION": "在下个回合，你打出的第一张牌会打出两次。"
	},
	
	"kobePurple:KnowYourself": {
		"NAME": "自知者明",
		"DESCRIPTION": "将你手牌中最左侧的非稀有牌复制一张。 NL 消耗 。",
		"UPGRADE_DESCRIPTION": "保留 。 NL 将你手牌中最左侧的非稀有牌复制一张。 NL 消耗 。"
	},
	
	"kobePurple:NeuralOverload": {
		"NAME": "神经过载",
		"DESCRIPTION": "给予 M 层 *印记 。 NL 所有拥有 *印记 的敌人失去 !kobePurple:SecondMagic! 点力量 1回合。",
		"UPGRADE_DESCRIPTION": "给予 M 层 *印记 。 NL 所有拥有 *印记 的敌人失去 !kobePurple:SecondMagic! 点力量 1回合。"
	},
	
	"kobePurple:Predict": {
		"NAME": "预测",
		"DESCRIPTION": "猜测你抽牌堆顶部牌的类型。 NL 如果猜中，将其打出。",
		"UPGRADE_DESCRIPTION": "猜测你抽牌堆顶部牌的类型。 NL 如果猜中，将其打出。 NL 否则， 预见 M 。"
	},
	
	"kobePurple:Ward": {
		"NAME": "监护",
		"DESCRIPTION": "获得 格挡 ，数值等于你在这个回合内获得过 [W] 的两倍。",
		"UPGRADE_DESCRIPTION": "获得 格挡 ，数值等于你在这个回合内获得过 [W] 的两倍，再加 M 。",
		"EXTENDED_DESCRIPTION": [
			" NL （获得 B 点 格挡 。）"
		]
	},
	
	
	
	"kobePurple:BackToBasics": {
		"NAME": "返璞归真",
		"DESCRIPTION": "在每个回合开始的抽牌后，如果你的手牌中有5张或更多 kobepurple:普通牌 ，获得 M 点 格挡 。"
	},
	
	"kobePurple:Relentless": {
		"NAME": "天道无宁",
		"DESCRIPTION": "每个回合，在你打出第六张牌后，抽2张牌并获得 [W] 。"
	},
	
	"kobePurple:Synchronize": {
		"NAME": "同步化",
		"DESCRIPTION": "愤怒 ：获得 M 点 力量 。 NL 平静 ：获得 M 点 敏捷 。 NL 神格 ：获得1层 无实体 。",
		"UPGRADE_DESCRIPTION": "愤怒 ：获得 M 点 力量 。 NL 平静 ：获得 M 点 敏捷 。 NL 神格 ：获得 !kobePurple:SecondMagic! 层 再生 和1层 无实体 。"
	},
	
	
	
	
	"kobePurple:PredictAttack": {
		"NAME": "攻击",
		"DESCRIPTION": "如果你抽牌堆顶部是 *攻击牌 ，将其打出。",
		"UPGRADE_DESCRIPTION": "如果你抽牌堆顶部是 *攻击牌 ，将其打出。 NL 否则，预见 M 。"
	},
	"kobePurple:PredictSkill": {
		"NAME": "技能",
		"DESCRIPTION": "如果你抽牌堆顶部是 *技能牌 ，将其打出。",
		"UPGRADE_DESCRIPTION": "如果你抽牌堆顶部是 *技能牌 ，将其打出。 NL 否则，预见 M 。"
	},
	"kobePurple:PredictPower": {
		"NAME": "能力",
		"DESCRIPTION": "如果你抽牌堆顶部是 *能力牌 ，将其打出。",
		"UPGRADE_DESCRIPTION": "如果你抽牌堆顶部是 *能力牌 ，将其打出。 NL 否则，预见 M 。"
	}
	
	
}
