{
	
	"kobePurple:RetainToUpgradePower": {
		"NAME": "保留以升级",
		"DESCRIPTIONS": [
			"在本回合结束时， #y保留 最多 #b",
			" 张牌，并且在本场战斗中将它升级。",
			" 张牌，并且在本场战斗中将它们升级。",
			"保留并升级。"
		]
	},
	
	"kobePurple:ForeshadowPower": {
		"NAME": "影映",
		"DESCRIPTIONS": [
			"在下个回合，你打出的第一张牌会打出两次。",
			"在下个回合，你打出的前 #b", " 张牌会打出两次。",
			"在这个回合，你打出的第一张牌会打出两次。",
			"在这个回合，你打出的前 #b", " 张牌会打出两次。"
		]
	},
	
	
	
	"kobePurple:BackToBasicsPower": {
		"NAME": "返璞归真",
		"DESCRIPTIONS": [
			"回合开始时，如果你的手牌中有5张或更多普通牌，获得 #b",
			" 点 #y格挡 。起始牌和衍生牌也算作普通牌。 #r诅咒 和 #y状态牌 不算。"
		]
	},
	
	"kobePurple:RelentlessPower": {
		"NAME": "天道无宁",
		"DESCRIPTIONS": [
			"每个回合，在你打出第六张牌后，每有一层Relentless就抽 #b2 张牌并获得 #b1 点能量。"
		]
	}
	
	
	
}